{
  "icon" : "square.2.layers.3d.fill",
  "color" : "rgba(102, 196, 235,1)",
  "name" : "中國電信",
  "author" : null,
  "intentInputTypes" : [

  ],
  "description" : "",
  "remoteResource" : null,
  "contributors" : [

  ],
  "localizedDescriptions" : {
    "pt" : "",
    "de" : "",
    "it" : "",
    "ja" : "",
    "fr" : "",
    "zh" : "",
    "es" : "",
    "en" : "",
    "ru" : ""
  },
  "localizedNames" : {
    "pt" : "",
    "de" : "",
    "it" : "",
    "ja" : "",
    "fr" : "",
    "zh" : "",
    "es" : "",
    "en" : "",
    "ru" : ""
  },
  "runInApp" : false,
  "version" : "1.0.0"
}